{
  "hash": "e40bf81a",
  "configHash": "9dd601e6",
  "lockfileHash": "bafebe82",
  "browserHash": "49e15ab9",
  "optimized": {
    "@angular/common": {
      "src": "../../../../../node_modules/@angular/common/fesm2022/common.mjs",
      "file": "@angular_common.js",
      "fileHash": "bbca36c3",
      "needsInterop": false
    },
    "@angular/common/http": {
      "src": "../../../../../node_modules/@angular/common/fesm2022/http.mjs",
      "file": "@angular_common_http.js",
      "fileHash": "ae5c208b",
      "needsInterop": false
    },
    "@angular/core": {
      "src": "../../../../../node_modules/@angular/core/fesm2022/core.mjs",
      "file": "@angular_core.js",
      "fileHash": "80a21719",
      "needsInterop": false
    },
    "@angular/forms": {
      "src": "../../../../../node_modules/@angular/forms/fesm2022/forms.mjs",
      "file": "@angular_forms.js",
      "fileHash": "058792ee",
      "needsInterop": false
    },
    "@angular/platform-browser": {
      "src": "../../../../../node_modules/@angular/platform-browser/fesm2022/platform-browser.mjs",
      "file": "@angular_platform-browser.js",
      "fileHash": "e26f2cec",
      "needsInterop": false
    },
    "@angular/router": {
      "src": "../../../../../node_modules/@angular/router/fesm2022/router.mjs",
      "file": "@angular_router.js",
      "fileHash": "22b958d5",
      "needsInterop": false
    },
    "@fortawesome/angular-fontawesome": {
      "src": "../../../../../node_modules/@fortawesome/angular-fontawesome/fesm2022/angular-fontawesome.mjs",
      "file": "@fortawesome_angular-fontawesome.js",
      "fileHash": "dc258429",
      "needsInterop": false
    },
    "@fortawesome/free-brands-svg-icons": {
      "src": "../../../../../node_modules/@fortawesome/free-brands-svg-icons/index.mjs",
      "file": "@fortawesome_free-brands-svg-icons.js",
      "fileHash": "50c98b6b",
      "needsInterop": false
    },
    "@fortawesome/free-solid-svg-icons": {
      "src": "../../../../../node_modules/@fortawesome/free-solid-svg-icons/index.mjs",
      "file": "@fortawesome_free-solid-svg-icons.js",
      "fileHash": "84b9d0b4",
      "needsInterop": false
    }
  },
  "chunks": {
    "chunk-HZDWMGV2": {
      "file": "chunk-HZDWMGV2.js"
    },
    "chunk-NXAO7AED": {
      "file": "chunk-NXAO7AED.js"
    },
    "chunk-SKEP7TBY": {
      "file": "chunk-SKEP7TBY.js"
    },
    "chunk-DGWJPOJA": {
      "file": "chunk-DGWJPOJA.js"
    },
    "chunk-J4B6MK7R": {
      "file": "chunk-J4B6MK7R.js"
    }
  }
}